R,C,A,N,Total,T,seed,Tseq_mean,Tseq_std,Tpar_mean,Tpar_std,Speedup,Eficiencia
10,10,10,10,10000,1,11,0.000092,0.000015,0.000117,0.000006,0.786325,0.786325
10,10,10,10,10000,2,11,0.000092,0.000015,0.000141,0.000011,0.652482,0.326241
10,10,10,10,10000,3,11,0.000092,0.000015,0.000161,0.000018,0.571429,0.190476
10,10,10,10,10000,4,11,0.000092,0.000015,0.000141,0.000014,0.652482,0.163121
10,10,10,10,10000,5,11,0.000092,0.000015,0.000161,0.000019,0.571429,0.114286
10,10,10,10,10000,6,11,0.000092,0.000015,0.000202,0.000015,0.455446,0.075908
10,10,10,10,10000,7,11,0.000092,0.000015,0.000222,0.000023,0.414414,0.059202
10,10,10,10,10000,8,11,0.000092,0.000015,0.000336,0.000084,0.273810,0.034226
10,10,10,10,10000,9,11,0.000092,0.000015,0.000487,0.000064,0.188912,0.020990
10,10,10,10,10000,10,11,0.000092,0.000015,0.000489,0.000071,0.188139,0.018814
30,30,30,30,810000,1,11,0.001526,0.000114,0.001806,0.000079,0.844961,0.844961
30,30,30,30,810000,2,11,0.001526,0.000114,0.001197,0.000055,1.274854,0.637427
30,30,30,30,810000,3,11,0.001526,0.000114,0.000941,0.000043,1.621679,0.540560
30,30,30,30,810000,4,11,0.001526,0.000114,0.000839,0.000058,1.818832,0.454708
30,30,30,30,810000,5,11,0.001526,0.000114,0.000878,0.000095,1.738041,0.347608
30,30,30,30,810000,6,11,0.001526,0.000114,0.000859,0.000038,1.776484,0.296081
30,30,30,30,810000,7,11,0.001526,0.000114,0.000832,0.000039,1.834135,0.262019
30,30,30,30,810000,8,11,0.001526,0.000114,0.001695,0.002011,0.900295,0.112537
30,30,30,30,810000,9,11,0.001526,0.000114,0.001253,0.000060,1.217877,0.135320
30,30,30,30,810000,10,11,0.001526,0.000114,0.001211,0.000080,1.260116,0.126012
50,50,50,50,6250000,1,11,0.008306,0.000061,0.008607,0.000042,0.965028,0.965028
50,50,50,50,6250000,2,11,0.008306,0.000061,0.005366,0.000145,1.547894,0.773947
50,50,50,50,6250000,3,11,0.008306,0.000061,0.004415,0.000052,1.881314,0.627105
50,50,50,50,6250000,4,11,0.008306,0.000061,0.004168,0.000240,1.992802,0.498201
50,50,50,50,6250000,5,11,0.008306,0.000061,0.004131,0.000076,2.010651,0.402130
50,50,50,50,6250000,6,11,0.008306,0.000061,0.004083,0.000040,2.034289,0.339048
50,50,50,50,6250000,7,11,0.008306,0.000061,0.004029,0.000075,2.061554,0.294508
50,50,50,50,6250000,8,11,0.008306,0.000061,0.004096,0.000101,2.027832,0.253479
50,50,50,50,6250000,9,11,0.008306,0.000061,0.004804,0.000093,1.728976,0.192108
50,50,50,50,6250000,10,11,0.008306,0.000061,0.004682,0.000105,1.774028,0.177403
70,70,70,70,24010000,1,11,0.027842,0.000154,0.026908,0.000377,1.034711,1.034711
70,70,70,70,24010000,2,11,0.027842,0.000154,0.016395,0.000280,1.698201,0.849100
70,70,70,70,24010000,3,11,0.027842,0.000154,0.013786,0.000137,2.019585,0.673195
70,70,70,70,24010000,4,11,0.027842,0.000154,0.012762,0.000096,2.181633,0.545408
70,70,70,70,24010000,5,11,0.027842,0.000154,0.013292,0.000130,2.094643,0.418929
70,70,70,70,24010000,6,11,0.027842,0.000154,0.012943,0.000060,2.151124,0.358521
70,70,70,70,24010000,7,11,0.027842,0.000154,0.012682,0.000117,2.195395,0.313628
70,70,70,70,24010000,8,11,0.027842,0.000154,0.012939,0.000313,2.151789,0.268974
70,70,70,70,24010000,9,11,0.027842,0.000154,0.014155,0.000132,1.966937,0.218549
70,70,70,70,24010000,10,11,0.027842,0.000154,0.013591,0.000419,2.048562,0.204856
90,90,90,90,65610000,1,11,0.071397,0.000226,0.067293,0.000605,1.060987,1.060987
90,90,90,90,65610000,2,11,0.071397,0.000226,0.043095,0.000703,1.656735,0.828368
90,90,90,90,65610000,3,11,0.071397,0.000226,0.037303,0.000599,1.913975,0.637992
90,90,90,90,65610000,4,11,0.071397,0.000226,0.035771,0.001466,1.995946,0.498987
90,90,90,90,65610000,5,11,0.071397,0.000226,0.036751,0.001190,1.942723,0.388545
90,90,90,90,65610000,6,11,0.071397,0.000226,0.035398,0.000585,2.016978,0.336163
90,90,90,90,65610000,7,11,0.071397,0.000226,0.034611,0.000300,2.062841,0.294692
90,90,90,90,65610000,8,11,0.071397,0.000226,0.035419,0.003101,2.015782,0.251973
90,90,90,90,65610000,9,11,0.071397,0.000226,0.036729,0.000401,1.943886,0.215987
90,90,90,90,65610000,10,11,0.071397,0.000226,0.036162,0.000427,1.974365,0.197437
100,100,100,100,100000000,1,11,0.099251,0.000881,0.091944,0.000333,1.079472,1.079472
100,100,100,100,100000000,2,11,0.099251,0.000881,0.057373,0.000674,1.729925,0.864963
100,100,100,100,100000000,3,11,0.099251,0.000881,0.049430,0.000471,2.007910,0.669303
100,100,100,100,100000000,4,11,0.099251,0.000881,0.046548,0.000470,2.132229,0.533057
100,100,100,100,100000000,5,11,0.099251,0.000881,0.048013,0.000427,2.067169,0.413434
100,100,100,100,100000000,6,11,0.099251,0.000881,0.046220,0.000227,2.147360,0.357893
100,100,100,100,100000000,7,11,0.099251,0.000881,0.045556,0.000249,2.178659,0.311237
100,100,100,100,100000000,8,11,0.099251,0.000881,0.047127,0.005421,2.106033,0.263254
100,100,100,100,100000000,9,11,0.099251,0.000881,0.048298,0.000782,2.054971,0.228330
100,100,100,100,100000000,10,11,0.099251,0.000881,0.047694,0.000329,2.080996,0.208100
120,120,120,120,207360000,1,11,0.194667,0.000719,0.174251,0.001105,1.117164,1.117164
120,120,120,120,207360000,2,11,0.194667,0.000719,0.110243,0.000700,1.765799,0.882900
120,120,120,120,207360000,3,11,0.194667,0.000719,0.097449,0.000513,1.997630,0.665877
120,120,120,120,207360000,4,11,0.194667,0.000719,0.093426,0.003473,2.083649,0.520912
120,120,120,120,207360000,5,11,0.194667,0.000719,0.095731,0.000487,2.033479,0.406696
120,120,120,120,207360000,6,11,0.194667,0.000719,0.093119,0.000791,2.090519,0.348420
120,120,120,120,207360000,7,11,0.194667,0.000719,0.091599,0.000437,2.125209,0.303601
120,120,120,120,207360000,8,11,0.194667,0.000719,0.091734,0.001189,2.122081,0.265260
120,120,120,120,207360000,9,11,0.194667,0.000719,0.095581,0.000597,2.036670,0.226297
120,120,120,120,207360000,10,11,0.194667,0.000719,0.093909,0.000470,2.072932,0.207293
140,140,140,140,384160000,1,11,0.348212,0.001028,0.300340,0.000785,1.159393,1.159393
140,140,140,140,384160000,2,11,0.348212,0.001028,0.196597,0.002278,1.771197,0.885598
140,140,140,140,384160000,3,11,0.348212,0.001028,0.175017,0.000695,1.989590,0.663197
140,140,140,140,384160000,4,11,0.348212,0.001028,0.167219,0.002990,2.082371,0.520593
140,140,140,140,384160000,5,11,0.348212,0.001028,0.173256,0.001876,2.009812,0.401962
140,140,140,140,384160000,6,11,0.348212,0.001028,0.168325,0.000915,2.068689,0.344781
140,140,140,140,384160000,7,11,0.348212,0.001028,0.166423,0.001504,2.092331,0.298904
140,140,140,140,384160000,8,11,0.348212,0.001028,0.169909,0.008617,2.049403,0.256175
140,140,140,140,384160000,9,11,0.348212,0.001028,0.171280,0.001556,2.032999,0.225889
140,140,140,140,384160000,10,11,0.348212,0.001028,0.169707,0.001436,2.051842,0.205184
160,160,160,160,655360000,1,11,0.584794,0.003837,0.485184,0.002962,1.205304,1.205304
160,160,160,160,655360000,2,11,0.584794,0.003837,0.320719,0.002129,1.823384,0.911692
160,160,160,160,655360000,3,11,0.584794,0.003837,0.288784,0.001869,2.025022,0.675007
160,160,160,160,655360000,4,11,0.584794,0.003837,0.274817,0.001340,2.127940,0.531985
160,160,160,160,655360000,5,11,0.584794,0.003837,0.284328,0.000809,2.056758,0.411352
160,160,160,160,655360000,6,11,0.584794,0.003837,0.277368,0.001157,2.108369,0.351395
160,160,160,160,655360000,7,11,0.584794,0.003837,0.274746,0.000935,2.128490,0.304070
160,160,160,160,655360000,8,11,0.584794,0.003837,0.272961,0.001842,2.142409,0.267801
160,160,160,160,655360000,9,11,0.584794,0.003837,0.283146,0.002248,2.065344,0.229483
160,160,160,160,655360000,10,11,0.584794,0.003837,0.281236,0.002912,2.079371,0.207937
170,170,170,170,835210000,1,11,0.733981,0.003465,0.602808,0.002105,1.217603,1.217603
170,170,170,170,835210000,2,11,0.733981,0.003465,0.407016,0.008328,1.803322,0.901661
170,170,170,170,835210000,3,11,0.733981,0.003465,0.368282,0.003023,1.992986,0.664329
170,170,170,170,835210000,4,11,0.733981,0.003465,0.354646,0.006571,2.069616,0.517404
170,170,170,170,835210000,5,11,0.733981,0.003465,0.364147,0.001043,2.015617,0.403123
170,170,170,170,835210000,6,11,0.733981,0.003465,0.355821,0.001074,2.062782,0.343797
170,170,170,170,835210000,7,11,0.733981,0.003465,0.354523,0.003034,2.070334,0.295762
170,170,170,170,835210000,8,11,0.733981,0.003465,0.352518,0.003700,2.082109,0.260264
170,170,170,170,835210000,9,11,0.733981,0.003465,0.362742,0.001942,2.023424,0.224825
170,170,170,170,835210000,10,11,0.733981,0.003465,0.358588,0.001013,2.046864,0.204686
180,180,180,180,1049760000,1,11,0.914220,0.003009,0.742547,0.005950,1.231195,1.231195
180,180,180,180,1049760000,2,11,0.914220,0.003009,0.501166,0.001803,1.824186,0.912093
180,180,180,180,1049760000,3,11,0.914220,0.003009,0.457934,0.002401,1.996401,0.665467
180,180,180,180,1049760000,4,11,0.914220,0.003009,0.441002,0.003452,2.073052,0.518263
180,180,180,180,1049760000,5,11,0.914220,0.003009,0.455231,0.003992,2.008255,0.401651
180,180,180,180,1049760000,6,11,0.914220,0.003009,0.446381,0.003472,2.048071,0.341345
180,180,180,180,1049760000,7,11,0.914220,0.003009,0.442658,0.004205,2.065296,0.295042
180,180,180,180,1049760000,8,11,0.914220,0.003009,0.440909,0.006301,2.073489,0.259186
180,180,180,180,1049760000,9,11,0.914220,0.003009,0.454594,0.006513,2.011069,0.223452
180,180,180,180,1049760000,10,11,0.914220,0.003009,0.448208,0.001747,2.039723,0.203972
190,190,190,190,1303210000,1,11,1.133295,0.003598,0.906341,0.001715,1.250407,1.250407
190,190,190,190,1303210000,2,11,1.133295,0.003598,0.622466,0.003913,1.820654,0.910327
190,190,190,190,1303210000,3,11,1.133295,0.003598,0.568859,0.001211,1.992225,0.664075
190,190,190,190,1303210000,4,11,1.133295,0.003598,0.548532,0.004317,2.066051,0.516513
190,190,190,190,1303210000,5,11,1.133295,0.003598,0.566102,0.003612,2.001927,0.400385
190,190,190,190,1303210000,6,11,1.133295,0.003598,0.554839,0.004121,2.042566,0.340428
190,190,190,190,1303210000,7,11,1.133295,0.003598,0.550302,0.002773,2.059406,0.294201
190,190,190,190,1303210000,8,11,1.133295,0.003598,0.546222,0.000970,2.074788,0.259349
190,190,190,190,1303210000,9,11,1.133295,0.003598,0.564371,0.004055,2.008067,0.223119
190,190,190,190,1303210000,10,11,1.133295,0.003598,0.560825,0.003995,2.020764,0.202076
200,200,200,200,1600000000,1,11,1.366118,0.002575,1.075516,0.006395,1.270198,1.270198
200,200,200,200,1600000000,2,11,1.366118,0.002575,0.737582,0.005521,1.852157,0.926079
200,200,200,200,1600000000,3,11,1.366118,0.002575,0.677654,0.004897,2.015952,0.671984
200,200,200,200,1600000000,4,11,1.366118,0.002575,0.649494,0.004699,2.103357,0.525839
200,200,200,200,1600000000,5,11,1.366118,0.002575,0.670989,0.003180,2.035977,0.407195
200,200,200,200,1600000000,6,11,1.366118,0.002575,0.655488,0.004060,2.084124,0.347354
200,200,200,200,1600000000,7,11,1.366118,0.002575,0.653775,0.006930,2.089584,0.298512
200,200,200,200,1600000000,8,11,1.366118,0.002575,0.650476,0.004852,2.100182,0.262523
200,200,200,200,1600000000,9,11,1.366118,0.002575,0.668422,0.005151,2.043796,0.227088
200,200,200,200,1600000000,10,11,1.366118,0.002575,0.664007,0.003017,2.057385,0.205738
100,100,100,100,100000000,1,21,0.102429,0.000445,0.095147,0.000239,1.076534,1.076534
100,100,100,100,100000000,2,21,0.102429,0.000445,0.060031,0.000510,1.706268,0.853134
100,100,100,100,100000000,3,21,0.102429,0.000445,0.053116,0.002652,1.928402,0.642801
100,100,100,100,100000000,4,21,0.102429,0.000445,0.049183,0.000352,2.082610,0.520652
100,100,100,100,100000000,5,21,0.102429,0.000445,0.050754,0.000654,2.018146,0.403629
100,100,100,100,100000000,6,21,0.102429,0.000445,0.049273,0.000399,2.078806,0.346468
100,100,100,100,100000000,7,21,0.102429,0.000445,0.048536,0.000360,2.110372,0.301482
100,100,100,100,100000000,8,21,0.102429,0.000445,0.048363,0.000466,2.117921,0.264740
100,100,100,100,100000000,9,21,0.102429,0.000445,0.051267,0.000730,1.997952,0.221995
100,100,100,100,100000000,10,21,0.102429,0.000445,0.050475,0.000429,2.029302,0.202930
300,100,100,100,300000000,1,21,0.303189,0.000964,0.281723,0.000814,1.076195,1.076195
300,100,100,100,300000000,2,21,0.303189,0.000964,0.175687,0.001094,1.725734,0.862867
300,100,100,100,300000000,3,21,0.303189,0.000964,0.153608,0.000770,1.973784,0.657928
300,100,100,100,300000000,4,21,0.303189,0.000964,0.149149,0.008449,2.032793,0.508198
300,100,100,100,300000000,5,21,0.303189,0.000964,0.149757,0.001072,2.024540,0.404908
300,100,100,100,300000000,6,21,0.303189,0.000964,0.144491,0.000421,2.098324,0.349721
300,100,100,100,300000000,7,21,0.303189,0.000964,0.142358,0.000456,2.129764,0.304252
300,100,100,100,300000000,8,21,0.303189,0.000964,0.141433,0.001442,2.143693,0.267962
300,100,100,100,300000000,9,21,0.303189,0.000964,0.149991,0.003408,2.021381,0.224598
300,100,100,100,300000000,10,21,0.303189,0.000964,0.145800,0.001361,2.079486,0.207949
500,100,100,100,500000000,1,21,0.502864,0.004115,0.467877,0.004865,1.074778,1.074778
500,100,100,100,500000000,2,21,0.502864,0.004115,0.287490,0.001183,1.749153,0.874577
500,100,100,100,500000000,3,21,0.502864,0.004115,0.250828,0.001114,2.004816,0.668272
500,100,100,100,500000000,4,21,0.502864,0.004115,0.236544,0.002161,2.125879,0.531470
500,100,100,100,500000000,5,21,0.502864,0.004115,0.244478,0.000708,2.056889,0.411378
500,100,100,100,500000000,6,21,0.502864,0.004115,0.236838,0.001448,2.123240,0.353873
500,100,100,100,500000000,7,21,0.502864,0.004115,0.232803,0.001018,2.160041,0.308577
500,100,100,100,500000000,8,21,0.502864,0.004115,0.230449,0.001975,2.182105,0.272763
500,100,100,100,500000000,9,21,0.502864,0.004115,0.243769,0.001976,2.062871,0.229208
500,100,100,100,500000000,10,21,0.502864,0.004115,0.239552,0.001243,2.099185,0.209919
700,100,100,100,700000000,1,21,0.703845,0.003306,0.655338,0.005261,1.074018,1.074018
700,100,100,100,700000000,2,21,0.703845,0.003306,0.405468,0.003065,1.735883,0.867941
700,100,100,100,700000000,3,21,0.703845,0.003306,0.355723,0.005577,1.978632,0.659544
700,100,100,100,700000000,4,21,0.703845,0.003306,0.335232,0.005966,2.099576,0.524894
700,100,100,100,700000000,5,21,0.703845,0.003306,0.344235,0.002873,2.044664,0.408933
700,100,100,100,700000000,6,21,0.703845,0.003306,0.333523,0.002216,2.110334,0.351722
700,100,100,100,700000000,7,21,0.703845,0.003306,0.328846,0.003288,2.140348,0.305764
700,100,100,100,700000000,8,21,0.703845,0.003306,0.325252,0.003310,2.163999,0.270500
700,100,100,100,700000000,9,21,0.703845,0.003306,0.341632,0.001958,2.060243,0.228916
700,100,100,100,700000000,10,21,0.703845,0.003306,0.337636,0.005026,2.084627,0.208463
900,100,100,100,900000000,1,21,0.898500,0.002363,0.835154,0.002456,1.075849,1.075849
900,100,100,100,900000000,2,21,0.898500,0.002363,0.515689,0.002948,1.742329,0.871165
900,100,100,100,900000000,3,21,0.898500,0.002363,0.448078,0.002514,2.005231,0.668410
900,100,100,100,900000000,4,21,0.898500,0.002363,0.421714,0.001197,2.130591,0.532648
900,100,100,100,900000000,5,21,0.898500,0.002363,0.436576,0.001444,2.058061,0.411612
900,100,100,100,900000000,6,21,0.898500,0.002363,0.423196,0.003644,2.123130,0.353855
900,100,100,100,900000000,7,21,0.898500,0.002363,0.417796,0.003790,2.150571,0.307224
900,100,100,100,900000000,8,21,0.898500,0.002363,0.413882,0.003753,2.170909,0.271364
900,100,100,100,900000000,9,21,0.898500,0.002363,0.431145,0.002209,2.083986,0.231554
900,100,100,100,900000000,10,21,0.898500,0.002363,0.426275,0.002029,2.107794,0.210779
1000,100,100,100,1000000000,1,21,0.996040,0.004544,0.924407,0.003412,1.077491,1.077491
1000,100,100,100,1000000000,2,21,0.996040,0.004544,0.569046,0.004056,1.750368,0.875184
1000,100,100,100,1000000000,3,21,0.996040,0.004544,0.494105,0.002272,2.015847,0.671949
1000,100,100,100,1000000000,4,21,0.996040,0.004544,0.468018,0.005170,2.128209,0.532052
1000,100,100,100,1000000000,5,21,0.996040,0.004544,0.481700,0.003266,2.067760,0.413552
1000,100,100,100,1000000000,6,21,0.996040,0.004544,0.463531,0.001860,2.148810,0.358135
1000,100,100,100,1000000000,7,21,0.996040,0.004544,0.457412,0.001924,2.177555,0.311079
1000,100,100,100,1000000000,8,21,0.996040,0.004544,0.455337,0.004774,2.187479,0.273435
1000,100,100,100,1000000000,9,21,0.996040,0.004544,0.477596,0.004051,2.085528,0.231725
1000,100,100,100,1000000000,10,21,0.996040,0.004544,0.475722,0.010096,2.093744,0.209374
100,100,100,100,100000000,1,22,0.100813,0.000391,0.094263,0.001979,1.069486,1.069486
100,100,100,100,100000000,2,22,0.100813,0.000391,0.058619,0.000908,1.719801,0.859900
100,100,100,100,100000000,3,22,0.100813,0.000391,0.050664,0.000513,1.989835,0.663278
100,100,100,100,100000000,4,22,0.100813,0.000391,0.047897,0.000313,2.104787,0.526197
100,100,100,100,100000000,5,22,0.100813,0.000391,0.049059,0.000349,2.054934,0.410987
100,100,100,100,100000000,6,22,0.100813,0.000391,0.048083,0.000920,2.096645,0.349441
100,100,100,100,100000000,7,22,0.100813,0.000391,0.046894,0.000185,2.149806,0.307115
100,100,100,100,100000000,8,22,0.100813,0.000391,0.046517,0.000336,2.167229,0.270904
100,100,100,100,100000000,9,22,0.100813,0.000391,0.049642,0.000753,2.030801,0.225645
100,100,100,100,100000000,10,22,0.100813,0.000391,0.048797,0.000392,2.065967,0.206597
100,300,100,100,300000000,1,22,0.300275,0.002708,0.278136,0.002041,1.079598,1.079598
100,300,100,100,300000000,2,22,0.300275,0.002708,0.172787,0.001686,1.737833,0.868917
100,300,100,100,300000000,3,22,0.300275,0.002708,0.150182,0.000755,1.999407,0.666469
100,300,100,100,300000000,4,22,0.300275,0.002708,0.142587,0.001701,2.105907,0.526477
100,300,100,100,300000000,5,22,0.300275,0.002708,0.146592,0.000728,2.048372,0.409674
100,300,100,100,300000000,6,22,0.300275,0.002708,0.141650,0.000381,2.119838,0.353306
100,300,100,100,300000000,7,22,0.300275,0.002708,0.139547,0.000439,2.151784,0.307398
100,300,100,100,300000000,8,22,0.300275,0.002708,0.142289,0.007374,2.110318,0.263790
100,300,100,100,300000000,9,22,0.300275,0.002708,0.145574,0.000806,2.062697,0.229189
100,300,100,100,300000000,10,22,0.300275,0.002708,0.143771,0.001029,2.088564,0.208856
100,500,100,100,500000000,1,22,0.504495,0.001327,0.469413,0.003228,1.074736,1.074736
100,500,100,100,500000000,2,22,0.504495,0.001327,0.294187,0.002726,1.714879,0.857439
100,500,100,100,500000000,3,22,0.504495,0.001327,0.259318,0.004009,1.945468,0.648489
100,500,100,100,500000000,4,22,0.504495,0.001327,0.245124,0.005749,2.058122,0.514530
100,500,100,100,500000000,5,22,0.504495,0.001327,0.251265,0.001624,2.007820,0.401564
100,500,100,100,500000000,6,22,0.504495,0.001327,0.242464,0.000734,2.080701,0.346783
100,500,100,100,500000000,7,22,0.504495,0.001327,0.243718,0.006134,2.069995,0.295714
100,500,100,100,500000000,8,22,0.504495,0.001327,0.237000,0.001345,2.128671,0.266084
100,500,100,100,500000000,9,22,0.504495,0.001327,0.249345,0.001982,2.023281,0.224809
100,500,100,100,500000000,10,22,0.504495,0.001327,0.246904,0.001303,2.043284,0.204328
100,700,100,100,700000000,1,22,0.707325,0.002106,0.656338,0.002070,1.077684,1.077684
100,700,100,100,700000000,2,22,0.707325,0.002106,0.413303,0.011276,1.711396,0.855698
100,700,100,100,700000000,3,22,0.707325,0.002106,0.360537,0.004078,1.961865,0.653955
100,700,100,100,700000000,4,22,0.707325,0.002106,0.340652,0.004329,2.076386,0.519096
100,700,100,100,700000000,5,22,0.707325,0.002106,0.350066,0.000880,2.020548,0.404110
100,700,100,100,700000000,6,22,0.707325,0.002106,0.341062,0.003278,2.073890,0.345648
100,700,100,100,700000000,7,22,0.707325,0.002106,0.336524,0.003582,2.101856,0.300265
100,700,100,100,700000000,8,22,0.707325,0.002106,0.331892,0.001660,2.131190,0.266399
100,700,100,100,700000000,9,22,0.707325,0.002106,0.348798,0.001820,2.027893,0.225321
100,700,100,100,700000000,10,22,0.707325,0.002106,0.344766,0.003373,2.051609,0.205161
100,900,100,100,900000000,1,22,0.888539,0.003676,0.822701,0.001622,1.080027,1.080027
100,900,100,100,900000000,2,22,0.888539,0.003676,0.507553,0.002664,1.750633,0.875316
100,900,100,100,900000000,3,22,0.888539,0.003676,0.443812,0.003451,2.002062,0.667354
100,900,100,100,900000000,4,22,0.888539,0.003676,0.417879,0.003797,2.126307,0.531577
100,900,100,100,900000000,5,22,0.888539,0.003676,0.431812,0.001333,2.057699,0.411540
100,900,100,100,900000000,6,22,0.888539,0.003676,0.417388,0.001990,2.128808,0.354801
100,900,100,100,900000000,7,22,0.888539,0.003676,0.412084,0.003833,2.156208,0.308030
100,900,100,100,900000000,8,22,0.888539,0.003676,0.409598,0.010208,2.169295,0.271162
100,900,100,100,900000000,9,22,0.888539,0.003676,0.429008,0.004954,2.071148,0.230128
100,900,100,100,900000000,10,22,0.888539,0.003676,0.422203,0.002839,2.104530,0.210453
100,1000,100,100,1000000000,1,22,0.982449,0.001621,0.912074,0.003316,1.077159,1.077159
100,1000,100,100,1000000000,2,22,0.982449,0.001621,0.559937,0.002511,1.754571,0.877285
100,1000,100,100,1000000000,3,22,0.982449,0.001621,0.490900,0.005166,2.001322,0.667107
100,1000,100,100,1000000000,4,22,0.982449,0.001621,0.458342,0.001574,2.143485,0.535871
100,1000,100,100,1000000000,5,22,0.982449,0.001621,0.475521,0.003153,2.066048,0.413210
100,1000,100,100,1000000000,6,22,0.982449,0.001621,0.462885,0.005103,2.122447,0.353741
100,1000,100,100,1000000000,7,22,0.982449,0.001621,0.452750,0.000834,2.169959,0.309994
100,1000,100,100,1000000000,8,22,0.982449,0.001621,0.449846,0.002267,2.183967,0.272996
100,1000,100,100,1000000000,9,22,0.982449,0.001621,0.469701,0.002810,2.091648,0.232405
100,1000,100,100,1000000000,10,22,0.982449,0.001621,0.465071,0.002189,2.112471,0.211247
100,100,100,100,100000000,1,23,0.102095,0.000908,0.094853,0.000411,1.076350,1.076350
100,100,100,100,100000000,2,23,0.102095,0.000908,0.059619,0.000400,1.712457,0.856229
100,100,100,100,100000000,3,23,0.102095,0.000908,0.052534,0.000936,1.943408,0.647803
100,100,100,100,100000000,4,23,0.102095,0.000908,0.049133,0.000353,2.077931,0.519483
100,100,100,100,100000000,5,23,0.102095,0.000908,0.050678,0.000348,2.014582,0.402916
100,100,100,100,100000000,6,23,0.102095,0.000908,0.049138,0.000178,2.077720,0.346287
100,100,100,100,100000000,7,23,0.102095,0.000908,0.049261,0.001131,2.072532,0.296076
100,100,100,100,100000000,8,23,0.102095,0.000908,0.049154,0.002130,2.077044,0.259630
100,100,100,100,100000000,9,23,0.102095,0.000908,0.050779,0.000525,2.010575,0.223397
100,100,100,100,100000000,10,23,0.102095,0.000908,0.050254,0.000542,2.031580,0.203158
100,100,300,100,300000000,1,23,0.294449,0.001207,0.272450,0.002597,1.080745,1.080745
100,100,300,100,300000000,2,23,0.294449,0.001207,0.168716,0.001768,1.745235,0.872617
100,100,300,100,300000000,3,23,0.294449,0.001207,0.148470,0.003177,1.983222,0.661074
100,100,300,100,300000000,4,23,0.294449,0.001207,0.139316,0.002282,2.113533,0.528383
100,100,300,100,300000000,5,23,0.294449,0.001207,0.143324,0.000420,2.054429,0.410886
100,100,300,100,300000000,6,23,0.294449,0.001207,0.139528,0.001717,2.110322,0.351720
100,100,300,100,300000000,7,23,0.294449,0.001207,0.136922,0.001032,2.150487,0.307212
100,100,300,100,300000000,8,23,0.294449,0.001207,0.137952,0.007080,2.134431,0.266804
100,100,300,100,300000000,9,23,0.294449,0.001207,0.142762,0.001683,2.062517,0.229169
100,100,300,100,300000000,10,23,0.294449,0.001207,0.139944,0.000864,2.104049,0.210405
100,100,500,100,500000000,1,23,0.487131,0.002392,0.449305,0.001076,1.084188,1.084188
100,100,500,100,500000000,2,23,0.487131,0.002392,0.276607,0.001184,1.761094,0.880547
100,100,500,100,500000000,3,23,0.487131,0.002392,0.243341,0.003296,2.001845,0.667282
100,100,500,100,500000000,4,23,0.487131,0.002392,0.228678,0.003176,2.130205,0.532551
100,100,500,100,500000000,5,23,0.487131,0.002392,0.236850,0.002657,2.056707,0.411341
100,100,500,100,500000000,6,23,0.487131,0.002392,0.229386,0.002576,2.123630,0.353938
100,100,500,100,500000000,7,23,0.487131,0.002392,0.225474,0.001621,2.160475,0.308639
100,100,500,100,500000000,8,23,0.487131,0.002392,0.224599,0.003349,2.168892,0.271112
100,100,500,100,500000000,9,23,0.487131,0.002392,0.234096,0.001717,2.080903,0.231211
100,100,500,100,500000000,10,23,0.487131,0.002392,0.232038,0.000813,2.099359,0.209936
100,100,700,100,700000000,1,23,0.691865,0.002377,0.640329,0.001461,1.080484,1.080484
100,100,700,100,700000000,2,23,0.691865,0.002377,0.402685,0.003061,1.718130,0.859065
100,100,700,100,700000000,3,23,0.691865,0.002377,0.353529,0.001047,1.957025,0.652342
100,100,700,100,700000000,4,23,0.691865,0.002377,0.334954,0.002710,2.065552,0.516388
100,100,700,100,700000000,5,23,0.691865,0.002377,0.344752,0.000352,2.006848,0.401370
100,100,700,100,700000000,6,23,0.691865,0.002377,0.334791,0.000647,2.066558,0.344426
100,100,700,100,700000000,7,23,0.691865,0.002377,0.331197,0.001173,2.088983,0.298426
100,100,700,100,700000000,8,23,0.691865,0.002377,0.328984,0.001617,2.103035,0.262879
100,100,700,100,700000000,9,23,0.691865,0.002377,0.342025,0.002127,2.022849,0.224761
100,100,700,100,700000000,10,23,0.691865,0.002377,0.338140,0.001680,2.046090,0.204609
100,100,900,100,900000000,1,23,0.855937,0.002084,0.791626,0.001173,1.081239,1.081239
100,100,900,100,900000000,2,23,0.855937,0.002084,0.486661,0.001647,1.758795,0.879398
100,100,900,100,900000000,3,23,0.855937,0.002084,0.424498,0.001870,2.016351,0.672117
100,100,900,100,900000000,4,23,0.855937,0.002084,0.405241,0.006558,2.112168,0.528042
100,100,900,100,900000000,5,23,0.855937,0.002084,0.415598,0.002263,2.059531,0.411906
100,100,900,100,900000000,6,23,0.855937,0.002084,0.402839,0.002273,2.124762,0.354127
100,100,900,100,900000000,7,23,0.855937,0.002084,0.397179,0.003567,2.155041,0.307863
100,100,900,100,900000000,8,23,0.855937,0.002084,0.393705,0.003084,2.174057,0.271757
100,100,900,100,900000000,9,23,0.855937,0.002084,0.411787,0.002453,2.078592,0.230955
100,100,900,100,900000000,10,23,0.855937,0.002084,0.405983,0.001097,2.108307,0.210831
100,100,1000,100,1000000000,1,23,0.971894,0.003925,0.898118,0.002570,1.082145,1.082145
100,100,1000,100,1000000000,2,23,0.971894,0.003925,0.560530,0.006278,1.733884,0.866942
100,100,1000,100,1000000000,3,23,0.971894,0.003925,0.489014,0.001236,1.987456,0.662485
100,100,1000,100,1000000000,4,23,0.971894,0.003925,0.477184,0.018682,2.036728,0.509182
100,100,1000,100,1000000000,5,23,0.971894,0.003925,0.477972,0.001802,2.033370,0.406674
100,100,1000,100,1000000000,6,23,0.971894,0.003925,0.463308,0.001287,2.097728,0.349621
100,100,1000,100,1000000000,7,23,0.971894,0.003925,0.457785,0.003742,2.123036,0.303291
100,100,1000,100,1000000000,8,23,0.971894,0.003925,0.462434,0.018746,2.101692,0.262712
100,100,1000,100,1000000000,9,23,0.971894,0.003925,0.475654,0.003966,2.043279,0.227031
100,100,1000,100,1000000000,10,23,0.971894,0.003925,0.475389,0.011679,2.044418,0.204442
100,100,100,100,100000000,1,24,0.099603,0.000829,0.093165,0.002042,1.069103,1.069103
100,100,100,100,100000000,2,24,0.099603,0.000829,0.057341,0.000568,1.737029,0.868515
100,100,100,100,100000000,3,24,0.099603,0.000829,0.050380,0.002004,1.977035,0.659012
100,100,100,100,100000000,4,24,0.099603,0.000829,0.046760,0.000665,2.130090,0.532522
100,100,100,100,100000000,5,24,0.099603,0.000829,0.048571,0.001164,2.050668,0.410134
100,100,100,100,100000000,6,24,0.099603,0.000829,0.046778,0.000516,2.129270,0.354878
100,100,100,100,100000000,7,24,0.099603,0.000829,0.046523,0.000802,2.140941,0.305849
100,100,100,100,100000000,8,24,0.099603,0.000829,0.045692,0.000216,2.179878,0.272485
100,100,100,100,100000000,9,24,0.099603,0.000829,0.048612,0.001058,2.048939,0.227660
100,100,100,100,100000000,10,24,0.099603,0.000829,0.047555,0.000602,2.094480,0.209448
100,100,100,300,300000000,1,24,0.253293,0.002093,0.188274,0.004164,1.345342,1.345342
100,100,100,300,300000000,2,24,0.253293,0.002093,0.135943,0.003810,1.863229,0.931615
100,100,100,300,300000000,3,24,0.253293,0.002093,0.125732,0.001001,2.014547,0.671516
100,100,100,300,300000000,4,24,0.253293,0.002093,0.121448,0.001367,2.085609,0.521402
100,100,100,300,300000000,5,24,0.253293,0.002093,0.129133,0.004364,1.961489,0.392298
100,100,100,300,300000000,6,24,0.253293,0.002093,0.123814,0.001247,2.045754,0.340959
100,100,100,300,300000000,7,24,0.253293,0.002093,0.122789,0.000462,2.062831,0.294690
100,100,100,300,300000000,8,24,0.253293,0.002093,0.124124,0.001696,2.040645,0.255081
100,100,100,300,300000000,9,24,0.253293,0.002093,0.126342,0.001673,2.004820,0.222758
100,100,100,300,300000000,10,24,0.253293,0.002093,0.124588,0.000749,2.033045,0.203304
100,100,100,500,500000000,1,24,0.404686,0.004304,0.295051,0.017303,1.371580,1.371580
100,100,100,500,500000000,2,24,0.404686,0.004304,0.205107,0.001405,1.973048,0.986524
100,100,100,500,500000000,3,24,0.404686,0.004304,0.195135,0.003079,2.073877,0.691292
100,100,100,500,500000000,4,24,0.404686,0.004304,0.189411,0.001067,2.136550,0.534137
100,100,100,500,500000000,5,24,0.404686,0.004304,0.197610,0.002384,2.047902,0.409580
100,100,100,500,500000000,6,24,0.404686,0.004304,0.193868,0.000427,2.087431,0.347905
100,100,100,500,500000000,7,24,0.404686,0.004304,0.193191,0.000740,2.094746,0.299249
100,100,100,500,500000000,8,24,0.404686,0.004304,0.195303,0.006444,2.072093,0.259012
100,100,100,500,500000000,9,24,0.404686,0.004304,0.197328,0.001528,2.050829,0.227870
100,100,100,500,500000000,10,24,0.404686,0.004304,0.195928,0.002468,2.065483,0.206548
100,100,100,700,700000000,1,24,0.560144,0.004088,0.363508,0.001862,1.540940,1.540940
100,100,100,700,700000000,2,24,0.560144,0.004088,0.279736,0.001786,2.002402,1.001201
100,100,100,700,700000000,3,24,0.560144,0.004088,0.269517,0.003142,2.078325,0.692775
100,100,100,700,700000000,4,24,0.560144,0.004088,0.262861,0.002898,2.130951,0.532738
100,100,100,700,700000000,5,24,0.560144,0.004088,0.271898,0.000818,2.060125,0.412025
100,100,100,700,700000000,6,24,0.560144,0.004088,0.268698,0.001017,2.084660,0.347443
100,100,100,700,700000000,7,24,0.560144,0.004088,0.267770,0.000751,2.091885,0.298841
100,100,100,700,700000000,8,24,0.560144,0.004088,0.268480,0.002364,2.086353,0.260794
100,100,100,700,700000000,9,24,0.560144,0.004088,0.271854,0.001591,2.060459,0.228940
100,100,100,700,700000000,10,24,0.560144,0.004088,0.271579,0.003984,2.062545,0.206255
100,100,100,900,900000000,1,24,0.712067,0.001242,0.451895,0.002211,1.575736,1.575736
100,100,100,900,900000000,2,24,0.712067,0.001242,0.353703,0.003051,2.013178,1.006589
100,100,100,900,900000000,3,24,0.712067,0.001242,0.340521,0.002877,2.091110,0.697037
100,100,100,900,900000000,4,24,0.712067,0.001242,0.333827,0.003983,2.133042,0.533260
100,100,100,900,900000000,5,24,0.712067,0.001242,0.344388,0.001081,2.067630,0.413526
100,100,100,900,900000000,6,24,0.712067,0.001242,0.340087,0.001538,2.093779,0.348963
100,100,100,900,900000000,7,24,0.712067,0.001242,0.340630,0.002993,2.090441,0.298634
100,100,100,900,900000000,8,24,0.712067,0.001242,0.341171,0.003187,2.087126,0.260891
100,100,100,900,900000000,9,24,0.712067,0.001242,0.345212,0.001746,2.062695,0.229188
100,100,100,900,900000000,10,24,0.712067,0.001242,0.343466,0.003242,2.073180,0.207318
100,100,100,1000,1000000000,1,24,0.789693,0.002575,0.497049,0.005064,1.588763,1.588763
100,100,100,1000,1000000000,2,24,0.789693,0.002575,0.388272,0.001599,2.033865,1.016933
100,100,100,1000,1000000000,3,24,0.789693,0.002575,0.375013,0.001818,2.105775,0.701925
100,100,100,1000,1000000000,4,24,0.789693,0.002575,0.366222,0.000947,2.156323,0.539081
100,100,100,1000,1000000000,5,24,0.789693,0.002575,0.380306,0.002734,2.076467,0.415293
100,100,100,1000,1000000000,6,24,0.789693,0.002575,0.376045,0.001352,2.099996,0.349999
100,100,100,1000,1000000000,7,24,0.789693,0.002575,0.377863,0.006106,2.089892,0.298556
100,100,100,1000,1000000000,8,24,0.789693,0.002575,0.380846,0.008172,2.073523,0.259190
100,100,100,1000,1000000000,9,24,0.789693,0.002575,0.380445,0.002566,2.075709,0.230634
100,100,100,1000,1000000000,10,24,0.789693,0.002575,0.378715,0.003606,2.085191,0.208519
10,1000,10000,10,1000000000,1,31,3.350580,0.007874,4.517032,0.013238,0.741766,0.741766
10,1000,10000,10,1000000000,2,31,3.350580,0.007874,2.574558,0.004302,1.301420,0.650710
10,1000,10000,10,1000000000,3,31,3.350580,0.007874,1.987611,0.002893,1.685732,0.561911
10,1000,10000,10,1000000000,4,31,3.350580,0.007874,1.700642,0.006903,1.970185,0.492546
10,1000,10000,10,1000000000,5,31,3.350580,0.007874,1.630108,0.010058,2.055434,0.411087
10,1000,10000,10,1000000000,6,31,3.350580,0.007874,1.525852,0.004896,2.195875,0.365979
10,1000,10000,10,1000000000,7,31,3.350580,0.007874,1.464374,0.006614,2.288063,0.326866
10,1000,10000,10,1000000000,8,31,3.350580,0.007874,1.448655,0.021914,2.312890,0.289111
10,1000,10000,10,1000000000,9,31,3.350580,0.007874,1.558909,0.011922,2.149311,0.238812
10,1000,10000,10,1000000000,10,31,3.350580,0.007874,1.505155,0.010611,2.226070,0.222607
10,100,100,100,10000000,1,41,0.010413,0.000159,0.009778,0.000173,1.064942,1.064942
10,100,100,100,10000000,2,41,0.010413,0.000159,0.006677,0.000123,1.559533,0.779766
10,100,100,100,10000000,3,41,0.010413,0.000159,0.005792,0.000059,1.797825,0.599275
10,100,100,100,10000000,4,41,0.010413,0.000159,0.005455,0.000046,1.908891,0.477223
10,100,100,100,10000000,5,41,0.010413,0.000159,0.005659,0.000088,1.840078,0.368016
10,100,100,100,10000000,6,41,0.010413,0.000159,0.005580,0.000077,1.866129,0.311022
10,100,100,100,10000000,7,41,0.010413,0.000159,0.005701,0.000147,1.826522,0.260932
10,100,100,100,10000000,8,41,0.010413,0.000159,0.005857,0.000210,1.777873,0.222234
10,100,100,100,10000000,9,41,0.010413,0.000159,0.006248,0.000108,1.666613,0.185179
10,100,100,100,10000000,10,41,0.010413,0.000159,0.006050,0.000081,1.721157,0.172116
10000,10,10,10,10000000,1,41,0.040424,0.000207,0.051247,0.000146,0.788807,0.788807
10000,10,10,10,10000000,2,41,0.040424,0.000207,0.029210,0.000437,1.383910,0.691955
10000,10,10,10,10000000,3,41,0.040424,0.000207,0.021517,0.000233,1.878701,0.626234
10000,10,10,10,10000000,4,41,0.040424,0.000207,0.018268,0.001077,2.212831,0.553208
10000,10,10,10,10000000,5,41,0.040424,0.000207,0.018133,0.000138,2.229306,0.445861
10000,10,10,10,10000000,6,41,0.040424,0.000207,0.016390,0.000085,2.466382,0.411064
10000,10,10,10,10000000,7,41,0.040424,0.000207,0.015504,0.000326,2.607327,0.372475
10000,10,10,10,10000000,8,41,0.040424,0.000207,0.015079,0.000321,2.680814,0.335102
10000,10,10,10,10000000,9,41,0.040424,0.000207,0.018993,0.000420,2.128363,0.236485
10000,10,10,10,10000000,10,41,0.040424,0.000207,0.018137,0.000318,2.228814,0.222881
100,10,100,100,10000000,1,42,0.010245,0.000082,0.009646,0.000089,1.062098,1.062098
100,10,100,100,10000000,2,42,0.010245,0.000082,0.006500,0.000121,1.576154,0.788077
100,10,100,100,10000000,3,42,0.010245,0.000082,0.005607,0.000113,1.827180,0.609060
100,10,100,100,10000000,4,42,0.010245,0.000082,0.005243,0.000105,1.954034,0.488508
100,10,100,100,10000000,5,42,0.010245,0.000082,0.005419,0.000038,1.890570,0.378114
100,10,100,100,10000000,6,42,0.010245,0.000082,0.005270,0.000051,1.944023,0.324004
100,10,100,100,10000000,7,42,0.010245,0.000082,0.005209,0.000104,1.966788,0.280970
100,10,100,100,10000000,8,42,0.010245,0.000082,0.005310,0.000069,1.929379,0.241172
100,10,100,100,10000000,9,42,0.010245,0.000082,0.006045,0.000215,1.694789,0.188310
100,10,100,100,10000000,10,42,0.010245,0.000082,0.005826,0.000147,1.758496,0.175850
10,10000,10,10,10000000,1,42,0.038820,0.000342,0.049699,0.000169,0.781102,0.781102
10,10000,10,10,10000000,2,42,0.038820,0.000342,0.029117,0.000346,1.333242,0.666621
10,10000,10,10,10000000,3,42,0.038820,0.000342,0.022489,0.000224,1.726177,0.575392
10,10000,10,10,10000000,4,42,0.038820,0.000342,0.019334,0.000458,2.007862,0.501965
10,10000,10,10,10000000,5,42,0.038820,0.000342,0.018875,0.000233,2.056689,0.411338
10,10000,10,10,10000000,6,42,0.038820,0.000342,0.018172,0.000485,2.136254,0.356042
10,10000,10,10,10000000,7,42,0.038820,0.000342,0.017334,0.000112,2.239529,0.319933
10,10000,10,10,10000000,8,42,0.038820,0.000342,0.018288,0.002997,2.122703,0.265338
10,10000,10,10,10000000,9,42,0.038820,0.000342,0.020021,0.000304,1.938964,0.215440
10,10000,10,10,10000000,10,42,0.038820,0.000342,0.019382,0.000324,2.002889,0.200289
100,100,10,100,10000000,1,43,0.010450,0.000336,0.009660,0.000055,1.081781,1.081781
100,100,10,100,10000000,2,43,0.010450,0.000336,0.006489,0.000189,1.610418,0.805209
100,100,10,100,10000000,3,43,0.010450,0.000336,0.005719,0.000084,1.827243,0.609081
100,100,10,100,10000000,4,43,0.010450,0.000336,0.005292,0.000050,1.974679,0.493670
100,100,10,100,10000000,5,43,0.010450,0.000336,0.005450,0.000049,1.917431,0.383486
100,100,10,100,10000000,6,43,0.010450,0.000336,0.005381,0.000049,1.942018,0.323670
100,100,10,100,10000000,7,43,0.010450,0.000336,0.005389,0.000041,1.939135,0.277019
100,100,10,100,10000000,8,43,0.010450,0.000336,0.006752,0.003731,1.547690,0.193461
100,100,10,100,10000000,9,43,0.010450,0.000336,0.006146,0.000068,1.700293,0.188921
100,100,10,100,10000000,10,43,0.010450,0.000336,0.005995,0.000107,1.743119,0.174312
10,10,10000,10,10000000,1,43,0.035721,0.000347,0.047141,0.000536,0.757748,0.757748
10,10,10000,10,10000000,2,43,0.035721,0.000347,0.027513,0.000435,1.298332,0.649166
10,10,10000,10,10000000,3,43,0.035721,0.000347,0.021498,0.000197,1.661596,0.553865
10,10,10000,10,10000000,4,43,0.035721,0.000347,0.017955,0.000217,1.989474,0.497368
10,10,10000,10,10000000,5,43,0.035721,0.000347,0.017557,0.000433,2.034573,0.406915
10,10,10000,10,10000000,6,43,0.035721,0.000347,0.016533,0.000204,2.160588,0.360098
10,10,10000,10,10000000,7,43,0.035721,0.000347,0.016093,0.000460,2.219661,0.317094
10,10,10000,10,10000000,8,43,0.035721,0.000347,0.015949,0.000232,2.239702,0.279963
10,10,10000,10,10000000,9,43,0.035721,0.000347,0.018470,0.000317,1.934001,0.214889
10,10,10000,10,10000000,10,44,0.035721,0.000347,0.017463,0.000231,2.045525,0.204552
100,100,100,10,10000000,1,44,0.037321,0.000671,0.048414,0.000213,0.770872,0.770872
100,100,100,10,10000000,2,44,0.037321,0.000671,0.027927,0.001686,1.336377,0.668188
100,100,100,10,10000000,3,44,0.037321,0.000671,0.020019,0.000228,1.864279,0.621426
100,100,100,10,10000000,4,44,0.037321,0.000671,0.016928,0.000804,2.204690,0.551173
100,100,100,10,10000000,5,44,0.037321,0.000671,0.016179,0.000084,2.306756,0.461351
100,100,100,10,10000000,6,44,0.037321,0.000671,0.014870,0.000156,2.509818,0.418303
100,100,100,10,10000000,7,44,0.037321,0.000671,0.014162,0.000662,2.635292,0.376470
100,100,100,10,10000000,8,44,0.037321,0.000671,0.014285,0.001408,2.612601,0.326575
100,100,100,10,10000000,9,44,0.037321,0.000671,0.017232,0.000138,2.165796,0.240644
100,100,100,10,10000000,10,44,0.037321,0.000671,0.016236,0.000148,2.298657,0.229866
10,10,10,10000,10000000,1,44,0.007851,0.000037,0.004842,0.000025,1.621437,1.621437
10,10,10,10000,10000000,2,44,0.007851,0.000037,0.004365,0.000068,1.798625,0.899313
10,10,10,10000,10000000,3,44,0.007851,0.000037,0.004169,0.000073,1.883185,0.627728
10,10,10,10000,10000000,4,44,0.007851,0.000037,0.004107,0.000073,1.911614,0.477904
10,10,10,10000,10000000,5,44,0.007851,0.000037,0.004212,0.000075,1.863960,0.372792
10,10,10,10000,10000000,6,44,0.007851,0.000037,0.004165,0.000068,1.884994,0.314166
10,10,10,10000,10000000,7,44,0.007851,0.000037,0.004229,0.000070,1.856467,0.265210
10,10,10,10000,10000000,8,44,0.007851,0.000037,0.004412,0.000177,1.779465,0.222433
10,10,10,10000,10000000,9,44,0.007851,0.000037,0.004642,0.000083,1.691297,0.187922
10,10,10,10000,10000000,10,44,0.007851,0.000037,0.004580,0.000072,1.714192,0.171419

